существительное;класс наун;глагол;акцион;таксон;коллокация;нестандартные конструкции (1 или 2);субъекты (отличные от человека);пример употребления;частота
алмаз;природа: драгоценные материалы;блестеть;проявление, свойство;свет;блестеть как алмаз;;глаза;Глаза его блестели, как алмазы, а в сражении пылали. [Ф. В. Булгарин. Воспоминания (1846-1849)];4
анекдот;абстрактные имена;звучать;проявление, свойство;звук;звучать как анекдот;;рассказ, вывод;Не знаю, наверное, вначале мой рассказ звучал как анекдот.;6
атлас;материалы и вещества;лосниться;проявление;свет;лосниться как атлас;;;длинная шерсть, прежде висевшая рыжими, сухими космами и на брюхе вечно покрытая засохшею грязью, очистилась, почернела и стала лосниться, какатлас. [Л. Н. Андреев. Кусака (1901)];5
баран;животные: звери;смотреть;действие;зрительное восприятие;смотреть как баран;;;Станешь ему толковать, смотрит как баран на воду, дивишься на него только. [Ф. М. Достоевский. Бесы (1871-1872)];3
баран;животные: звери;уставиться;действие;зрительное восприятие;уставиться как баран;;;Встал через два часа, уставился, как баран, смотрит: ангел с крестом. [Ю. О. Домбровский. Факультет ненужных вещей, часть 2 (1978)];4
безумный;ментальные свойства человека: отсутствие ума, человек: оценка;хохотать;действие;эмоции: проявление, звук;хохотать как безумный;;;Довольно часто, когда мне хотелось ее довести, я принималась хохотать, как безумная, над каждым ее словом. [Дина Рубина. Окна (2011)];20
белка;животные: звери;вертеться;действие;движение: ненаправленное;вертеться как белка в колесе;1;;В конце концов оказывается, что для того, чтобы просто выжить, приходится бестолково вертеться как белка в колесе. [Григорий Копанев. Робот или не робот? // «Пятое измерение», 2003][омонимия не снята];22
белка;животные: звери;крутиться;действие;движение: ненаправленное;крутиться как белка в колесе;1;;"Мама и малыш так просто и органично составили одно целое, а ему, добытчику и главе семейства, теперь приходится самому готовить себе ужин, а на закуску выслушивать попрёки: ""Я тут кручусь, как белка в колесе, а ты…"", или умильное сюсюканье: ""А вот мы как хорошо пописали-покакали… [Мария Давыдова. Кто в доме хозяин? (2003) // «100% здоровья», 2003.01.15]";11
Бог;существа;играть;способность;актуальное/потенциальное занятие;играть как Бог;;;Стоит представить, что ты в зале ? и играю, как Бог! [Алексей Слаповский. Гибель гитариста (1994-1995)];5
Бог;существа;любить;состояние;эмоции;любить как Бог любит;1;;И этим Он ни у кого не крадёт человеческой любви, потому что мы можем Его любить всем сердцем и вдруг увидеть, что любимых нами по-человечески мы теперь начинаем любить, как Бог их любит: не только нашим сердцем, а Божественной любовью. [митрополит Антоний (Блум). О радости Христовой (1987)];5
бомба;артефакты;взорваться;событие;изменение состояния/признака: мгновенное событие;взорваться как бомба;;;Через несколько миллиардов лет земля должна прогреться насквозь, взорваться, как бомба, вспыхнуть, превратиться в газовый шар, диаметром с орбиту, которую описывает луна вокруг земли, засиять, как маленькая звезда, и затем начать охлаждаться иснова сжиматься до размеров земного шара. [А. Н. Толстой. Гиперболоид инженера Гарина (1925-1927)] [омонимия не снята];13
бочка;артефакты;пить;действие;актуальное/потенциальное занятие;пить как бочка;;;Я не могу однозначно слышать опереточное: Мой папаша пил, как бочка, И погиб он от вина. [Евгений Попов. Подлинная история «Зеленых музыкантов» (1997)];3
бревно;природа: объекты;лежать;положение в пространстве;позиция;лежать как бревно;;;В этой-то мелководной луже сохранялся огромнейший крокодил, лежавший, как бревно, совершенно без движения и, видимо, лишившийся всех своих способностей от нашего сырого и негостеприимного для иностранцев климата. [Ф. М. Достоевский. Крокодил (1865)];10
бриллиант;природа: драгоценные материалы;гореть;проявление;природное явление, свет;гореть как бриллианты;;;Ночь была прелестная: звезды и планеты горели как бриллианты. [П. К. Козлов. Географический дневник Тибетской экспедиции 1923-1926 гг. №1 (1923-1924)];4
ветер;природа: явления;лететь;занятие, действие;движение: направленное;лететь как ветер;;;Вор подкрался ночью и теперь летел, как ветер. [Д. Н. Мамин-Сибиряк. Ак-Бозат (1895)];7
вкопанный;физические свойства/состояния: результат воздействия;встать;действие;движение: остановка;встать как вкопанный;;;"Действительно, Диана встала как вкопанная и лопочет: ""Опоздали"", а я с криком ""Побежали-и-и-и-и"" припустила к машине. [Светлана Ткачева. Новый год и звезды (2002) // «100% здоровья», 2002.11.11]";119
вкопанный;физические свойства/состояния: результат воздействия;замереть;действие;движение: остановка;замереть как вкопанный;;карусель;Карусель сделала по инерции еще один круг и замерла как вкопанная вместе с детьми на самом верху.;57
вкопанный;физические свойства/состояния: результат воздействия;застыть;действие;движение: остановка;застыть как вкопанный;;кони;Нет, мог бы, конечно, Ученик Феи сделать так, чтоб эти кони застыли, как вкопанные!;9
вкопанный;физические свойства/состояния: результат воздействия;остановиться;действие;движение: остановка;остановиться как вкопанный;;;? С адвокатом? ? от неожиданности я остановился как вкопанный. [Вера Белоусова. Второй выстрел (2000)];17
вкопанный;физические свойства/состояния: результат воздействия;стать;действие;движение: остановка;стать как вкопанный;;;Еремеевна взяла место к стороне и, сложа руки, стала как вкопанная, выпяля глаза на Стародума, с рабским подобострастием. [Д. И. Фонвизин. Недоросль (1782)];225
вкопанный;физические свойства/состояния: результат воздействия;стоять;положение в пространстве;позиция;стоять как вкопанный;;;Обед закончился, но Шакир облокотился на лопату и стоит как вкопанный, к работе не подключается. [М. И. Саитов. Островки // «Бельские Просторы», 2010];66
влитой;физические свойства/состояния;сидеть;положение в пространстве;позиция;сидеть как влитой;;костюм, мундир, наряд, доспехи, пиджак;Костюм на вас сидит как влитой.;15
вода;природа;течь;процесс;движение: направленное, природное явление;течь как вода;;годы, огонь, слухи, линии, время, слезы, звук;Однако годы текут, как вода, и в один прекрасный день Гаральд возвратился с богатой добычей и победой в Киев. [А. П. Ладинский. Анна Ярославна -- королева Франции (1960)];20
вол;животные: звери;работать;деятельность;актуальное/потенциальное занятие;работать как вол;;;Осталась без рабочего стажа, хотя работалакак вол, но была свободна для сына. [коллективный. Хватит губить детей! (2011)];69
волчок;артефакты;вертеться;действие;движение: ненаправленное;вертеться как волчок;;;На глубоком месте он делал такую необыкновенную вещь, которой я потом нигде не видал: он садился, точно это была земля, а не вода, поднимал ноги так, что его тело образовывало острый угол, и вдруг начинал вертеться, как волчок: я помню, как я, сидя голым на берегу, смеялся, и потом, вцепившись в шею отца, переплывал реку на его широкой волосатой спине. [Г. А. Газданов. Вечер у Клэр / начало романа (1930)];7
волчок;артефакты;крутиться;действие;движение: ненаправленное;крутиться как волчок;;;? Эй, любезный! ? закричал часовой, махая ему рукой, ? подожди маленько, что ты крутишься, как волчок? [М. Ю. Лермонтов. Герой нашего времени (1839-1841)];4
воск;материалы и вещества;таять;процесс, свойство;изменение состояния/признака: процесс, прекращение существования, природное явление;таять как воск;;;Маменька её поедом ест, а она, как тень какая, ходит безответная. Только плачет да тает, как воск. Вот я и убиваюсь, глядя на неё. [А. Н. Островский. Гроза (1860)];25
герой;человек: оценка;погибнуть;событие;прекращение существования;погибнуть как герой;;;? Они не стали ждать, пока их запытают, они погибли, как герои. [Марина Ахмедова. Понять дракона // «Русский репортер», № 3 (181), 27 января 2011, 2011];12
герой;человек: оценка;умереть;событие;прекращение существования;умереть как герой;;;Волченинов умер как герой, защищая слабых студентов, прямо на поле боя, от многочисленных ран. [Митьки. Постскриптум (1997)];15
град;природа: явления;посыпаться;событие;движение: начало, движение: падение;посыпаться как град;;слезы, черепицы, удары, пули, деньги;Не так пташка трепещет в когтях у ястреба, как я дрожала вся, не могла вымолвить ни полсловечка, свет выкатился у меня из глаз, слезы посыпались, как град, я только что вздыхала, ноги мои подкосились, я не могла стоять и упала к нему на руки. [П. Ю. Львов. Даша, деревенская девушка (1803)];4
гриб;природа;расти;процесс;изменение состояния/признака: процесс, природное явление;расти как грибы;;резиденции, гении, цеха, музеи, коттеджи, магазины, палатки, котеджи, музеи, постройки;А в эпоху Возрождения эти места открыл для себя королевский двор ? и по обоим берегам Луары стали расти как грибы королевские резиденции. [Владимир Гаков. Во Францию -- на машине времени (2001) // «Туризм и образование», 2001.03.15];62
гром;природа: явления;прозвучать;проявление;звук;прозвучать как гром среди ясного неба;1;речь;Для многих в Японии эта речь прозвучала как гром среди ясного неба. [Борис Дмитриев. Ни пяди назад // «Коммерсантъ-Власть», 1998];3
дети;человек: маленький возраст;веселиться;занятие;эмоции;веселиться как дети;;;Весь этот день прошёл как нельзя лучше. Мы веселились, как дети. Ася была очень мила и проста. [И. C. Тургенев. Ася (1858)];13
дети;человек: маленький возраст;радоваться;состояние;эмоции;радоваться как дети;;;Ваня едва прикоснулся к рисовому пудингу и выпил всего лишь две небольшие рюмки коньяка ? больше он смотрел на Валю и радовался как ребенок. [Татьяна Тронина. Русалка для интимных встреч (2004)];90
дитя;человек: маленький возраст;заплакать;действие;звук: начало, эмоции: проявление;заплакать как дитя;;;Буря мглою небо кроет, Вихри снежные крутя, То как зверь она завоет, То заплачет, как дитя. [Татьяна Толстая. Ночь (1983)];15
дитя;человек: маленький возраст;обрадоваться;событие;эмоции;обрадоваться как дитя;;;Гусейн, опечаленный словами Юрия о невозможности использовать прежний канал, обрадовался как дитя, услышав предложение нового партнёра. [Героиновый тюремщик (2003) // «Криминальная хроника», 2003.07.24];8
дитя;человек: маленький возраст;плакать;действие;эмоции: проявление, звук;плакать как дитя;;;Рядом со мной сидела женщина лет тридцати пяти и плакала как дитя. [Евгения Пищикова. Пятиэтажная Россия (2007) // «Русская Жизнь», 2008];29
дрожжи;природа;расти;процесс;изменение состояния/признака: процесс, природное явление;расти как на дрожжах;2;;Перспективные российские теннисистки в последнее время растут как на дрожжах. [Денис Быстров. Первый эшелон. Светлана Кузнецова оказалась 11-й российской теннисисткой в первой сотне мирового рейтинга (2002) // «Известия», 2002.08.13];65
дурак;ментальные свойства человека: отсутствие ума, человек: оценка;молчать;действие, состояние;звук, речь;молчать как дура(к);;;? И тут нужно сказать: вы поставили меня в идиотское положение, она шипела и брызгала на меня, а я молчал как дурак, ведь у нас в самом деле нет никакой Попятной. [Ю. О. Домбровский. Хранитель древностей, часть 1 (1964)];23
дурак;ментальные свойства человека: отсутствие ума, человек: оценка;сидеть;положение в пространстве;позиция;сидеть как дура(к);;;"Идут две какие-то, смотрят на меня, прошли мимо и нарочно громко: ""Сидит, как дура, с кукушечьим пером! [Н. А. Тэффи. Семейный аккорд (1910)]";7
дурак;ментальные свойства человека: отсутствие ума, человек: оценка;стоять;положение в пространстве;позиция;стоять как дура(к);;;Выпучился на неё и стою как дурак. [Андрей Геласимов. Фокс Малдер похож на свинью (2001)];26
дым;природа: явления;исчезать;процесс;прекращение существования;исчезать как дым;;сон, обещание, дом, абстракции;Являются в костях, мясе и крови, цвете, вкусе и запахе, а исчезают, как дым. [Галина Щербакова. Loveстория (1996)];19
дым;природа: явления;исчезнуть;событие;прекращение существования;исчезнуть как дым;;абстрактные имена;? А теперь я послушаю Наталью Тихоновну, а этих девушек мы попросим исчезнуть, как дым. [В. А. Каверин. Открытая книга (1949-1956)];15
дым;природа: явления;развеяться;событие, действие;прекращение существования;развеяться как дым;;страхи, надежды, сомнения;Что там первично ? дух или материя, есть ли жизнь после смерти ? отныне все его сомнения развеялись, как дым. [Марина Москвина. Небесные тихоходы: путешествие в Индию (2003)];40
дым;природа: явления;рассеяться;событие;прекращение существования;рассеяться как дым;;тьма, подозрения, реакция, сон, надежда, неправда;Но при первых же звуках кислого директорски-департаментского голоса эта надежда рассеялась, как дым. [Ф. К. Сологуб. Маленький человек (1907)];14
дым;природа: явления;растаять;событие;изменение состояния/признака: достижение результата, прекращение существования;растаять как дым;;зима, торжество, надежды, интерес, видение;После чего интерес к нему растает, как дым. [Читая Бориса Акунина (2003) // «Вестник США», 2003.07.23];24
дым;природа: явления;улетучиться;событие;движение, прекращение существования;улетучиться как дым;;планы, уверенность, сдержанность;Ошалел Иван Иваныч, представив себе все эти большевистские «народно-хозяйственные планы», которые улетучились, как дым от упомянутого наркотика. [Евгений Попов. Подлинная история «Зеленых музыкантов» (1997)];5
жар;природа: явления;гореть;проявление;природное явление, свет;гореть как жар;;украшения, штаны, самовар;В первое время все украшения горели как жар, и когда императрица Елизавета приехала со всем двором и иностранными министрами осматривать его, то все были поражены его великолепием, и каждый из придворных спешил выразить свое изумление.;16
завороженный;физические свойства/состояния: результат воздействия;сидеть;положение в пространстве;позиция;сидеть как завороженный;;;Он сидел как завороженный, только механически гладил ее локоны. [Владимир Высоцкий. Где Центр? (1975)];8
завороженный;физические свойства/состояния: результат воздействия;смотреть;действие;зрительное восприятие;смотреть как завороженный;;;Пока он готовил инструменты, я смотрел как завороженный на его руки. [Герман Садулаев. Шалинский рейд (2009) // «Знамя», 2010];6
завороженный;физические свойства/состояния: результат воздействия;стоять;положение в пространстве;позиция;стоять как завороженный;;;Слушатели сидели как зачарованные, полтора часа пролетели как 5 минут. [К. И. Чуковский, Е. В. Тарле. Переписка (1929-1951) // «Театральная Россия», 1905];10
зачарованный;физические свойства/состояния: результат воздействия;сидеть;положение в пространстве;позиция;сидеть как зачарованный;;;Слушатели сидели как зачарованные, полтора часа пролетели как 5 минут. [К. И. Чуковский, Е. В. Тарле. Переписка (1929-1951) // «Театральная Россия», 1905];4
зачарованный;физические свойства/состояния: результат воздействия;смотреть;действие;зрительное восприятие;смотреть как зачарованный;;;Он указал на окно, и когда Чезарини взглянул в него, то с минуту смотрел как зачарованный. [Михаил Филиппов. Отсроченное время // «Техника - молодежи», 1974];15
зачарованный;физические свойства/состояния: результат воздействия;стоять;положение в пространстве;позиция;стоять как зачарованный;;;Прутик, Настенька и Чижик стояли, как зачарованные, и не могли произнести ни слова. [Валентин Постников. Приключения Карандаша и Самоделкина на «Дрындолете» (1997)];7
звезда;природа: объекты;светить;действие, проявление;свет;светить как звезда;;;Поэтому Нептун светит как звезда8 m, гораздо слабее, чем видит человеческий глаз. [Андрей Остапенко. Звёздное небо, луна и планеты в январе 2010 года // «Наука и жизнь», 2009];4
звезда ;природа: объекты;светиться;проявление;свет;светиться как звезда;;камень, слова, ромашки, мир, лицо;Волк летел на камне в вечереющем небе, марсиане открыли иллюминаторы, и камень светился, как звезда. [Сергей Козлов. Как Ёжик с Медвежонком спасли Волка // «Мурзилка», 2003];5
зверь;животные: звери;драться;действие;актуальное/потенциальное занятие;драться как зверь;;;И даже ведомый ложной, с точки зрения современности (на 1987 год), идеей национал-социализма, немец дралсякак зверь. [Эдуард Лимонов. У нас была Великая Эпоха (1987)];5
зверь;животные: звери;проголодаться;событие;физиология;проголодаться как зверь;;;Ходил, ходил, ездил в автобусах, объясняясь по преимуществу мычанием, и, наконец, проголодался, как зверь, заехал куда-то, чёрт его знает куда. [М. А. Булгаков. Театральный роман (1936-1937)];2
зверь;животные: звери;работать;деятельность;актуальное/потенциальное занятие;работать как зверь;;;И мысленно пообещал себе, что с этого момента буду работать как зверь. [Игорь Лепин. Старые песни для главных (1997) // «Столица», 1997.01.06];15
зеница;части тела;беречь;;обладание;беречь как зеницу ока;2;секрет;А главный секрет, который надо было беречь как зеницу ока, заключался в том, что Советский Союз далеко отставал от Америки по этим вооружениям, хотя в речах советских руководителей, в прессе и по телевидению все преподносилось наоборот.;37
зеница;части тела;хранить;;обладание;хранить как зеницу ока;2;;Все она хранила как зеницу ока ? идейность, честность, девственность, ничего нельзя было тронуть, взрывалась, как динамит. [Галина Щербакова. Ах, Маня... (2002)];21
зеркало;артефакты;блестеть;проявление, свойство;свет;блестеть как зеркало;;самовар, сапоги;Чай пили из большого медного самовара, который блестел, как зеркало.;46
змея;животные: рептилии;виться;свойство;движение: ненаправленное;виться как змея;;;И выходит на песок налим, фунтов на девять, почтенный, ленивый, вьётся, как змей, и крючочек у него из губы и выскользнул. [А. Н. Толстой. На рыбной ловле (1923)];7
змея;животные: рептилии;извиваться;действие, свойство;движение;извиваться как змея;;дорога, туман, шнур, водоросль, строки, щупальца, локон;Его шнур извивался, как змея? шур. шур. шур.. [Тим. Собакин. Черный утюг // «Трамвай», 1990];34
змея;животные: рептилии;изгибаться;действие, свойство;движение;изгибаться как змея;;угри;Плавают и ползают угри, изгибаяськак змеи. [Александр Тамбиев. Пункт прибытия — Саргассово море // «Наука и жизнь», 2009];4
золото;природа: драгоценные материалы;блестеть;проявление, свойство;свет;блестеть как золото;;;Дождь его мочил, снег засыпал, клевали вороны? он всё молился, в каждой руке он держал на весу по тяжёлому камню, вериги на теле от многого труда сделались блестящими, как золото… [В. В. Вересаев. В степи (1901)];21
золото;природа: драгоценные материалы;сиять;проявление;свет;сиять как золото;;;Любо было смотреть на полосатую степь, засеянную хлебами: рожь сияла, как золото, а подымалась в рост человеческий, ячмени же ещё зелёные, но такие тучные, что в иных местах полегли от тяжести колосьев, а между ними красные полосы гречихи, покрытые сверху серебряными цветочками. [И. И. Панаев. Раздел имения (1850-1860)];4
идиот;ментальные свойства человека: отсутствие ума, человек: оценка;выглядеть;свойство;;выглядеть как идиот;;;? Должен тебе сказать, что ты выглядишькакидиот, ? сказал он, строго оглядев меня. [Фазиль Искандер. Письмо (1969)];3
идиот;ментальные свойства человека: отсутствие ума, человек: оценка;улыбаться;действие;эмоции: проявление;улыбаться как идиот;;;Но, как кто-то правильно сказал, всё равно сидишь полтора часа и улыбаешьсякакидиот. [коллективный. Рапунцель: запутанная история (2010)];3
изваяние;сооружения;замереть;действие;движение: остановка;замереть как изваяние;;;Феликс замер, какизваяние, словно забыв о моём присутствии… [Павел Михненко. Мусорщик // «Наука и жизнь», 2009];3
именинник;человек;ходить;действие;движение: ненаправленное;ходить как именинник;;;Несколько дней после известия он ходил как именинник, бормотал слова из евангелия, перенятые у Лопатина, Насте с матерью купил по новому платку.;6
искра;природа;вспыхивать;событие;природное явление, свет: начало;вспыхивать как искры;;;Если глядеть в глубину, можно было заметить каких-то серебристых мальков, которые неожиданно проносились, вспыхиваякакискры, выбитые из головешки. [Фазиль Искандер. Рассказ о море (1962)];3
истукан;артефакты;сидеть;положение в пространстве;позиция;сидеть как истукан;;;Тем более, я уже собирался пихнуть ногу на переднее сиденье тем же манером, а вместо этого сижу, как истукан, и бешусь. [Мариам Петросян. Дом, в котором... (2009)];32
истукан;артефакты;стоять;положение в пространстве;позиция;стоять как истукан;;;? Да что же это?! ? рявкнул Гарднер. ? Что вы стоите, как истуканы! Выкиньте его! [Ю. О. Домбровский. Обезьяна приходит за своим черепом, часть 2 (1943-1958)];44
колокольчик;артефакты;звенеть;проявление;звук;звенеть как колокольчик;;песня, голос, смех;? Позовите, пожалуйста, Джамала…? произносил Кямал. Ирина радостно хохотала, звенела как колокольчик. Кямал слушал её счастливый звон, в нём всё резонировало и отзывалось. [Токарева Виктория. Своя правда // «Новый Мир», 2002];10
ком;природа: объекты;нарастать;процесс;изменение состояния/признака: процесс;нарастать как снежный ком;1;;«Дачный» скандал, тем временем, нарастал как снежный ком. [Павел Евдокимов. Человек из Копенгагена (2003) // «Спецназ России», 2003.06.15];15
конь;животные: звери;заржать;действие;звук: начало, эмоции: проявление;заржать как конь;;;Ну, сделайте так: «Га-га-га!» ? и фотограф с деловым видом оскалил зубы и заржал, как конь. [И. А. Ильф, Е. П. Петров. Колумб причаливает к берегу (1936)];5
конь;животные: звери;ржать;поведение, свойство;эмоции: проявление, звук;ржать как конь;;;[soltman, nick] Не знаю Ржал как конь )) Ну где-то, может, и не может быть лишен, но вы не забывайте мы в России, тут всё можно (как говорится, закон, что дышло… [коллективный. Разорять область они не боялись, а книжку боятся (2011)];9
коршун;животные: птицы;налететь;действие;движение;налететь как коршун;;;На официантку с подносом налетали как коршуны и хватали кто две, кто три порции, кто ни одной. [Владимир Войнович. Иванькиада, или рассказ о вселении писателя Войновича в новую квартиру (1976)];2
кузнечик;животные: насекомые;прыгать;действие;движение: ненаправленное;прыгать как кузнечик;;;Это единственный таракан, прыгающий, как кузнечик, с помощью сильных задних лапок. [Алексей Торгашев. Самые странные существа года // «Русский репортер», № 22 (200), 9 июня 2011, 2011];2
лев;животные: звери;драться;действие;актуальное/потенциальное занятие;драться как лев;;;? За эту жизнь, ? провозгласил последним дядя Фима, ? мы дрались, как львы, и львиная доля из нас осталась на поле. [Фазиль Искандер. Время счастливых находок (1973)][омонимия снята];41
лев;животные: звери;рычать;действие;звук;рычать как лев;;;И дома дочь очень целенаправленно «хочет бить» ? ни подушку, ни диван, ни рычать, как лев, а именно «вас всех бить». [коллективный. Как поступать, когда ребенок дразнит и замахивается на чужих взрослых? (2012)];8
лев;животные: звери;сражаться;действие;актуальное/потенциальное занятие;сражаться как лев;;;В море на вас нападают пираты. Вы сражаетесь, как лев. Сцена на триста метров. [И. А. Ильф, Е. П. Петров. Колумб причаливает к берегу (1936)];17
лист;природа: растения;дрожать;состояние;физиология;дрожать как лист;;животные;лихорадочно пробормотал полицейский, начиная дрожать, как лист.;36
лист;природа: растения;дрожать;состояние;физиология;дрожать как осиновый лист;1;животные;Зверь тем временем подходил все ближе, лошадь подо мною дрожала, как осиновый лист, но стояла на удивление смирно.;43
лист;природа: растения;прилипнуть;действие;изменение состояния/признака: достижение результата;прилипнуть как банный лист;1;;? Да я к вашей милости, а она вот прилипла, как банный лист. [А. С. Серафимович. Сумерки (1899)];3
лист;природа: растения;трепетать;состояние;физиология;трепетать как лист;;кисти;Крупные слезы дрожали на опущенных ресницах, она вся трепетала как лист, Правин испугался… [А. А. Бестужев-Марлинский. Фрегат «Надежда» (1833)];9
лошадь;животные: звери;пахать;деятельность;актуальное/потенциальное занятие;пахать как лошадь;;;Пашут, как лошадивремён продразвёрстки и всё такое. [Татьяна Соломатина. Акушер-ХА! Байки (2009)];6
лошадь;животные: звери;пить;действие;актуальное/потенциальное занятие;пить как лошадь;;;Силы столько же, ржет так же, пьет, как лошадь, навоза столько же ? а пользы никакой! [Анатолий Трушкин. 208 избранных страниц (1990-2002)];18
лошадь;животные: звери;работать;деятельность;актуальное/потенциальное занятие;работать как лошадь;;;Пьяница и прогульщик, однако, если захочет, работает, как лошадь». [Владимир Чивилихин. Про Клаву Иванову (1964)];24
лошадь;животные: звери;ржать;поведение, свойство;эмоции: проявление, звук;ржать как лошадь;;;Соседние пацаны во дворе ржали как лошади. [Андрей Геласимов. Нежный возраст (2001)];16
лунатик ;человек;двигаться;действие;движение;двигаться как лунатик;;;Она двигалась как лунатик, глядя в никуда и туманно улыбаясь. [Токарева Виктория. Своя правда // «Новый Мир», 2002];4
люди;человек;жить;деятельность;актуальное/потенциальное занятие;жить как люди;;;Почему все живут как люди, а у неё ? всё не как у людей?;74
магнит;артефакты, природа: объекты;притягивать;воздействие;воздействие;притягивать как магнит;;;"Мёртвое тело всегда и везде ""на воле"" вызывает какой-то смутный интерес, притягивает, как магнит. [В. Т. Шаламов. Колымские рассказы (1954-1961)]";21
мальчишка;человек: маленький возраст;плакать;действие;эмоции: проявление, звук;плакать как мальчишка;;;Как сильно выпьет, навалится мне на плечо и плачет, как мальчишка: “Коль, прости меня, что не погиб, ведь я за всю войну ни разу не был на передовой…”. [Михаил Шишкин. Письмовник (2009) // «Знамя», 2010];5
машина;артефакты;работать;деятельность;актуальное/потенциальное занятие;работать как машина;;город, организм;Наконец, город потому работает, как машина, что все его части функционируют без помех и в точности так, как их спроектировали создатели ? группа людей, которая предназначила город для извлечения прибыли. [Елена Трубина. Джунгли, базар, организм и машина: классические метафоры города и российская современность // «Неприкосновенный запас», 2010];12
мертвец;физические свойства/состояния: мертвый;побледнеть;событие;физиология, эмоции: проявление;побледнеть как мертвец;;;Он побледнел как мертвец и затрясся как осиновый лист, узнав от жены о том, что она затеяла с Минихом и что пока еще неизвестно, чем кончится это отважное предприятие.;12
мертвый;физические свойства/состояния: мертвый;заснуть;событие;изменение состояния/признака: начало нового состояния/признака, физиология;заснуть как мертвый;;;Турки отошли в свой стан и стали собирать мёртвых, а осаждённые греки заснули, как мёртвые, оставив лишь стражей по стенам.;7
мертвый;физические свойства/состояния: мертвый;лежать;положение в пространстве;позиция;лежать как мертвый;;;Однажды, ? это была четвёртая ночь у колодца, ? он лежал как мёртвый. [Д. Н. Мамин-Сибиряк. Ак-Бозат (1895)];59
мертвый;физические свойства/состояния: мертвый;сидеть;положение в пространстве;позиция;сидеть как мёртвый;;животные;Полная концентрация. Сидит как мёртвый. Отличная собака. [Андрей Геласимов. Фокс Малдер похож на свинью (2001)];11
мертвый;физические свойства/состояния: мертвый;спать;состояние;физиология;спать как мертвый;;город, тело;Весь город спал, как мертвый.;21
мираж;природа: явления;растаять;событие;изменение состояния/признака: достижение результата, прекращение существования;растаять как мираж;;;Тепло и комфорт растаяли, как мираж, реальностью был дикий холод безжалостной площади… [Фридрих Горенштейн. Куча (1982) // «Октябрь», 1996];2
монумент;сооружения;застыть;действие;движение: остановка;застыть как монумент;;;Фигуры в президиуме, приученные к длинным заседаниям, напротив, застыли, как монументы. [Гулла Хирачев (Алиса Ганиева). Салам тебе, Далгат! (2009) // «Октябрь», 2010];4
море;природа: объекты;волноваться;свойство;движение: ненаправленное;волноваться как море;;жизнь, юбка, трава, камыши, постель;Жизнь ведь потеряла право расти, как трава, волноваться, как море. [Василий Гроссман. Жизнь и судьба, часть 2 (1960)];13
море;природа: объекты;шуметь;проявление;звук;шуметь как море;;зал, публика, толпа, хлеба, река;Конечно, ребёнок всё спутал.) Зал шумел, как море. ? Пусть не мешает! ? кричали одни. [Людмила Петрушевская. Маленькая волшебница // «Октябрь», 1996];7
мотылёк;животные: насекомые;лететь;занятие, действие;движение: направленное;лететь как мотылёк на огонь;;;Дитя, ты не знаешь жизни и летишь, как мотылёк на блестящий огонь. [А. И. Куприн. Гранатовый браслет (1911)];2
музыка;абстрактные имена;звучать;проявление, свойство;звук;звучать как музыка;;названия, слова, имя, голос, звон, говор, язык;Сами названия звучат как музыка. Наверное, это красивый белый дом на берегу океана?;20
муха;животные: насекомые;биться;действие;актуальное/потенциальное занятие;биться как муха в паутине;1;;Что-то для чего-то делаешь, бьёшься, как муха в паутине… [Александр Волков. Миры Стивена Хоукинга // «Знание -- сила», 2003];5
муха;животные: насекомые;мереть;процесс;прекращение существования;мереть как мухи;;;"Такие Мухины мрут как мухи, чуть что? и готов клиент"". [Олег Павлов. Карагандинские девятины, или Повесть последних дней // «Октябрь», 2001]";38
муха;животные: насекомые;слетаться;действие;движение: направленное;слетаться как мухи на варенье;1;видения;Не девятнадцатый же век за окном, когда барышни сидели взаперти, а если уж и отваживались на что-то подобное, да ещё и ручку давали поцеловать, то мужики слетались, как мухи на варенье. [Вера Белоусова. Второй выстрел (2000)];6
мышь;животные: звери;надуться;действие;изменение состояния/признака: достижение результата;надуться как мышь на крупу;1;;? К тому же вы сами говорили ? сложный случай, третье вхождение в брюшную полость. ? И надулась, как мышьна крупу. ? Потому, Леночка, и не надо в ране лишних рук. [Татьяна Соломатина. Акушер-ХА! Байки (2009)];27
мышь;животные: звери;притихнуть;действие;звук;притихнуть как мышь;;;Славный был мальчик, умненький, вежливый, но и его испортила проклятая война. Я притих, как мышь. Сидел не шелохнувшись, боясь выдать свое присутствие. [Р. Б. Ахмедов. Промельки (2011) // «Бельские Просторы», ];4
мышь;животные: звери;сидеть;положение в пространстве;позиция;сидеть как мышка;;;Сиди, как мышка, тихо, тетку Зину слушайся, она укроет, спрячет. [Сергей Самсонов. Одиннадцать (2010)];5
насмешка;абстрактные имена;звучать;проявление, свойство;звук;звучать как насмешка;;слово, вопрос;"Рядом с такими словами слово ""любовь"" звучит как насмешка над судом.";5
немой;физические свойства/состояния;молчать;действие, состояние;звук, речь;молчать как немой;;;? Что же ты молчишь, как немая, бабуся? [Э. Г. Казакевич. Звезда (1946)];8
ненормальный;ментальные свойства человека: отсутствие ума, человек: оценка;смеяться;действие;эмоции: проявление, звук;смеяться как ненормальный;;;Первые просмотров 5 ты смеешься как ненормальный, следующие 5 — начинаешь цитировать крылатые фразы героев загодя, в последующие просмотры восхищаешься тем, как все это снято, как все это прошло цензуру, и с сожалением отмечаешь: так уже не снимают. [коллективный. Операция «Ы» (2007-2011)];5
ненормальный;ментальные свойства человека: отсутствие ума, человек: оценка;хохотать;действие;эмоции: проявление, звук;хохотать как ненормальный;;;Затем мы очутились на диване, закутанные в полотенца, пили водку из горлышка, передавая друг другу бутылку, и хохотали, как ненормальные, над телепередачей про искусственное осеменение коров. [Ярослав Кудлак. Симбиоз // «Наука и жизнь», 2009];6
облупленный;физические свойства/состояния;знать;состояние;;знать как облупленного;2;;Он был сыном акцизного чиновника, и его отца и его самого все знали как облупленных. [Анатолий Рыбаков. Тяжелый песок (1975-1977)];36
огонь;природа: явления;бояться;состояние;эмоции;бояться как огня;2;;От моего Ермолая и от других я часто слышал рассказы о леснике Бирюке, которого все окрестные мужики боялись как огня.;3
огонь;природа: явления;вспыхнуть;событие;природное явление, свет: начало;вспыхнуть как огонь;;ненависть, герой;Ненависть вспыхнула, как огонь.;2
огонь;природа: явления;гореть;проявление;природное явление, свет;гореть как огонь;;рука, куст, чайник, глаза, лицо;Приветливые слова его катились прямо ко мне в душу, рука его горела, как огонь, от этого огня вся кровь во мне закипела. [П. Ю. Львов. Даша, деревенская девушка (1803)];9
окаменелый;физические свойства/состояния: результат воздействия;стоять;положение в пространстве;позиция;стоять как окаменелый;;деревья, лошади, козел, войска;Вид ее постели остановил биение его сердца. Он несколько минут стоял, как окаменелый. ? Именно здесь! [Н.Э. Гейнце. В тине адвокатуры (1893)];30
ошпаренный;физические свойства/состояния: результат воздействия;вскакивать;действие;движение;вскакивать как ошпаренный;;;? Что еще за танцы, ? произнес сердитый женский голос, ? сначала он вскакивает как ошпаренный, потом в обморок валится! [Татьяна Устинова. Подруга особого назначения (2003)];22
ошпаренный;физические свойства/состояния: результат воздействия;вскочить;действие;движение;вскочить как ошпаренный;;;"Я проснулся от того, что кто-то рявкнул мне в самое ухо: Уже поздно! ""? и вскочил как ошпаренный. [Вера Белоусова. Второй выстрел (2000)]";6
ошпаренный;физические свойства/состояния: результат воздействия;выскочить;действие;движение: направленное;выскочить как ошпаренный;;;Прогулка по Бродвею закончилась посещением тридцатипятицентового бурлеска, откуда великий и застенчивый Христофор выскочил, как ошпаренный кот. [И. А. Ильф, Е. П. Петров. Колумб причаливает к берегу (1936)];4
палка;природа: объекты;торчать;положение в пространстве;позиция;торчать как палки;;артефакт;Сверкающий перед глазами диск пропеллера исчез. Его три лопасти торчали, как палки. До аэродрома было не дотянуть, и летчики стали высматривать подходящую посадочную площадку. [Михаил Шишкин. Письмовник (2009) // «Знамя», 2010];4
папа Карло;человек;пахать;деятельность;актуальное/потенциальное занятие;пахать как папа Карло;;;Надо их ремонтировать, реставрировать, пахать как папа Карло. [М.. Письма из Санкт-Петербурга подруге в Саратов (2010)];2
паровоз;артефакты;гудеть;проявление;звук;гудеть как паровоз;;;Ползал вместе с Серёжкой по комнатам и гудел как паровоз. [Андрей Геласимов. Жанна (2001)];3
паровоз;артефакты;курить;занятие;актуальное/потенциальное занятие;курить как паровоз;;;Вот у меня младший брат курит как паровоз. [коллективный. Всемирный день борьбы с курением (2011)];4
партизан;человек;молчать;действие, состояние;звук, речь;молчать как партизан;;;В воскресенье ЦИК «стоял на ушах», пытаясь дозвониться до главы краевой комиссии и получить от него объяснения происходящего. Телефоны Кострыкина молчали, как партизаны. .. А в понедельник Кострыкин был госпитализирован с сердечным приступом после того, как получил депутаты краевого засобрания пригласили его выступить на заседании. [Анатолий Шведов. Обыкновенный «Нашизм». Итоги выборов красноярского губернатора отменили за 360 секунд (2002) // «Известия», 2002.09.29];12
пень;природа: объекты;молчать;действие, состояние;звук, речь;молчать как пень;;;"Вызывают его на допрос ? кто на ""д""? Молчит, как пень, не откликается. [Василий Гроссман. Жизнь и судьба, часть 3 (1960)]";10
пень;природа: объекты;стоять;положение в пространстве;позиция;стоять как пень;;;Оба не двигались с места, когда хозяин соскакивал с седла, но тот, когда его звали, тотчас шёл на голос, а этот продолжал стоять, как пень. [И. C. Тургенев. Конец Чертопханова (1872)];22
пес;животные: звери;выть;действие;звук;выть как пес;;;Вытирал сопли и воздевал руки к небу. Проклинал судьбу и выл, как пес. Никогда так не врал. [Андрей Рубанов. Носки (2010)];3
песок;природа;утекать;процесс;движение;утекать как песок;;время;И время утекало, как песок, что высыпался, сжатый в кулачке, чем сильнее тужился и сжимал его, целую горсть. [Олег Павлов. Асистолия // «Знамя», 2009];2
пласт;природа: объекты;лежать;положение в пространстве;позиция;лежать как пласт;;;Он лежал как пласт, устремив глаза куда-то в пространство. [А. И. Эртель. Гарденины, их дворня, приверженцы и враги (1889)];11
подкошенный;физические свойства/состояния;рухнуть;событие;движение: падение;рухнуть как подкошенный;;;И вдруг поскользнулся на сцене и рухнул, как подкошенный. [Анна Глебова. Раствор Челентано (2002) // «Домовой», 2002.02.04];15
подкошенный;физические свойства/состояния;упасть;событие;движение: падение;упасть как подкошенный;;;Он успел еще обернуться в надежде увидеть одобрение на лицах своих товарищей, но уже в следующее мгновение упал как подкошенный к их ногам, а ефрейтор Соколов стоял над ним, хищно склонившись и приготовив руку для второго удара.;23
полотно;артефакты;побледнеть;событие;физиология, эмоции: проявление;побледнеть как полотно;;;Вдруг он опустил дуло пистолета и, побледнев как полотно, повернулся к своему секунданту. [М. Ю. Лермонтов. Герой нашего времени (1839-1841)];69
полоумный;ментальные свойства человека: отсутствие ума;вскочить;действие;движение;вскочить как полоумный;;;Наутро Валера вскочил как полоумный, не выключив телевизора, и бросился на работу, потому что знал, что, если он еще и на работу будет опаздывать, его точно отправят принудительно лечиться на Балтийский завод. [Митьки. Папуас из Гондураса (1987)];3
попугай;человек: оценка;заладить;действие, поведение;звук: начало, речь;заладить как попугай;;;[antiliberast, nick] Но до тех пор, размещать свои объявления на таких досках все равно незаконно, что бы ты ни говорил, и как бы ты ни изворачивался. Заладил как попугай. Может, у тебя какая-то уникальная доска, иди прогуляйся по другим подъездам, поищи такие же надписи, как у тебя, может найдешь еще. [коллективный. Антиселигер (2011)];6
попугай;животные: птицы;твердить;действие;звук, речь;твердить как попугай;;;? В ней никто ничего не понимает. Твердят как попугаи: болезнь века. Лекарственные препараты, бытовая химия, то да се. [И. Грекова. Перелом (1987)];4
поросёнок;животные: звери;визжать;действие;звук;визжать как поросёнок;;полозья;А Семёнов из машины визжал как поросёнок. [Андрей Геласимов. Нежный возраст (2001)];6
порох;артефакты;вспыхнуть;событие;природное явление, свет: начало;вспыхнуть как порох;;;? Полноте, не клянитесь, я ведь знаю, вы способны вспыхнуть как порох. [Ф. М. Достоевский. Белые ночи (1848)];3
потерянный;физические свойства/состояния;ходить;действие;движение: ненаправленное;ходить как потерянный;;;Весь день гардемарины ходили как потерянные, слухи и сплетни увяли,;6
пробка;артефакты;вылететь;действие;движение: направленное;вылететь как пробка;;;Доцент МГУ после этого вылетел как пробка. [Андрей Геласимов. Год обмана (2003)];31
проклятый;человек;работать;деятельность;актуальное/потенциальное занятие;работать как проклятый;;;Тесть работал как проклятый, зарабатывая деньги, чтоб рассчитаться с долгами. [Андрей Житков. Кафедра (2000)];26
пророк;человек;говорить;действие;речь;говорить как пророк;;;Очевидцы свидетельствуют, что он говорил как пророк. [С. Г. Бочаров. Из истории понимания Пушкина (1998)];7
птица;животные: птицы;биться;действие;актуальное/потенциальное занятие;биться как птица;;сердце;Выбрали мы денек, когда Иван-то Семеныч совсем трезвый был, приоделся я, помолился богу и пошел в палатку, а сердце так и бьется, как птица. [Д. Н. Мамин-Сибиряк. Золотая ночь (1884)];13
птица;животные: птицы;жить;деятельность;актуальное/потенциальное занятие;жить свободно как птица;1;;Хочу, говорит, свободно жить, как птицаи всякая тварь Божия”. [Герман Садулаев. Бич Божий (2010) // «Знамя», 2008];3
птица;животные: птицы;летать;занятие, действие;движение: ненаправленное;летать как птица;;;Раньше пух был в цене, платки. Девчата мои вяжут как огнючки. Ныне ? хоть даром отдавай. [Борис Екимов. Пиночет (1999)];13
птица;животные: птицы;лететь;занятие, действие;движение: направленное;лететь как птица;;стрела;Стрела летит, как птица, Повсюду лязг и стон… [Александр Городницкий. «И жить еще надежде» (2001)] ;3
птица;животные: птицы;полететь;действие;движение: начало;полететь как птица;;;Сначала полетел как птица, или даже как облако, полетел и вдруг ? шлепнулся. [Валентин Постников. Приключения Вахмурки и Мухмурки (1997)];26
пузырь;артефакты;лопнуть;событие;изменение состояния/признака: мгновенное событие, прекращение существования;лопнуть как мыльный пузырь;1;абстракции;"? Впрочем, в случае кризиса могут лопнуть, как и наши"". [Алексей Крашаков. Иностранцы «съедают» наши банки? (2003) // «Аргументы и факты», 2003.01.29]";34
пьяный;физические свойства/состояния;ходить;действие;движение: ненаправленное;ходить как пьяный;;;? Помнишь, мы с тобой в том году белены объелись, ходили как пьяные… [Светлана Василенко. Дурочка (1998)];11
пьяный;физические свойства/состояния;шататься;занятие;движение: ненаправленное;шататься как пьяный;;;Шатаясь как пьяные, мы помогали им таскать искалеченные трупы лилипутов к реке. [Юрий Буйда. Город палачей // «Знамя», 2003];31
раб;человек;служить;деятельность;актуальное/потенциальное занятие;служить как раб;;;Пусть один из них служит другому, как господину, но пусть никто из них не служит как раб. [Ю. О. Домбровский. Хранитель древностей, часть 2 (1964)];10
рак;животные;краснеть;процесс;физиология, эмоции: проявление;краснеть как рак;;;Что краснеешь как рак, а еще труп? [Юрий Мамлеев. Конец света/Крутые встречи (1975-1999)] ;52
рак;животные;покраснеть;событие;физиология, эмоции: проявление;покраснеть как рак;;;"[Денисевич] мой покраснел как рак и, запутываясь в словах, отвечал: ""Я не затем звал вас к себе… я хотел вам сказать, что молодому человеку, как вы, нехорошо кричать в театре, мешать своим соседям слушать пиесу, что это неприлично… [И. И. Лажечников. Знакомство мое с Пушкиным (1856)]";2
рак;животные;раскраснеться;событие;физиология;раскраснеться как рак;;;В сенях уже кипит самовар, который, раскрасневшись, как рак, раздувает Митька форейтор, на дворе сыро и туманно, как будто пар подымается от пахучего навоза, солнышко весёлым, ярким светом освещает восточную часть неба и соломенные крыши просторных навесов, окружающих двор, глянцевитые от росы, покрывающей их. [Л. Н. Толстой. Отрочество (1854)];10
ребенок;человек: маленький возраст;заплакать;действие;звук: начало, эмоции: проявление;заплакать как ребенок;;;Я к нему ? запищал, заплакал, как ребенок. [И. П. Максимов. Пир во время чумы (Из фронтового дневника) // «Бельские Просторы», 2010];33
ребенок;человек: маленький возраст;зарыдать;действие;звук: начало, эмоции: проявление;зарыдать как ребёнок;;;Вдали вилась пыль ? Азамат скакал на лихом Карагёзе, на бегу Казбич выхватил из чехла ружьё и выстрелил, с минуту он остался неподвижен, пока не убедился, что дал промах, потом завизжал, ударил ружьё о камень, разбил его вдребезги, повалился на землю и зарыдал, как ребёнок… [М. Ю. Лермонтов. Герой нашего времени (1839-1841)];4
ребенок;человек: маленький возраст;обрадоваться;событие;эмоции;обрадоваться как ребенок;;;Король обрадовался, как ребёнок, при виде своей благодетельницы. [Л. А. Чарская. Король с раскрашенной картинки (1912)];30
ребенок;человек: маленький возраст;плакать;действие;эмоции: проявление, звук;плакать как ребёнок;;;Обычно он плакал как ребёнок, чтобы видели, и сочувствовали, и утешали. [Токарева Виктория. Своя правда // «Новый Мир», 2002];26
ребенок;человек: маленький возраст;радоваться;состояние;эмоции;радоваться как ребенок;;;А когда мы приносили ей в гостинец яблоки, она радоваласькак ребенок. [Р. Б. Ахмедов. Промельки (2011) // «Бельские Просторы», ];8
ребенок;человек: маленький возраст;рыдать;действие;эмоции: проявление, звук;рыдать как ребёнок;;;" Её повели. Я рыдал, как ребёнок. Вы знаете предание о Сороке-воровке"", действительность не так слабонервна, как драматические писатели, она идёт до конца: Анету казнили. [А. И. Герцен. Сорока-воровка (1846)]";77
резаный;физические свойства/состояния;орать;действие;звук, эмоции: проявление, речь;орать как резаный;;;Ровно ножом полоснуло. Ору как резаная. Соседка через площадку и то услыхала, неотложку вызвала. [И. Грекова. Перелом (1987)];67
резина;материалы и вещества;растягиваться;воздействие;изменение состояния/признака: процесс;растягиваться как резина;;;Намокшая одежда выскальзывала из рук, растягивалась, как резина,коробилась, как жесть, и нож был туп, не резал нитку. [Юрий Коваль. Гроза над картофельным полем (1974)];36
резина;материалы и вещества;тянуться;свойство;изменение состояния/признака: процесс;тянуться как резина;;творог, горизонталь, слова;Прогреть 3-4 минуты, пока молоко не загустеет и творог не будет тянуться как резина. [Рецепты национальных кухонь: Эстония (2000-2005)];29
роза;природа: растения;цвести;свойство, состояние;природное явление;цвести как роза;;;? Симочка! ? закричал Скворцов. ? Здравствуйте, деточка, вы цветёте, как роза, рад вас видеть! [И. Грекова. На испытаниях (1967)];4
рука;части тела;снять;действие;воздействие;снять как рукой;2;всегда безличное;После двойного эспрессо появившуюся было сонливость сняло как рукой, и уже не казалось так холодно. [Сергей Штерн. Ниже уровня моря // «Звезда», 2003];3
рыба;животные: рыбы;биться;действие;актуальное/потенциальное занятие;биться как рыба об лед;1;;Дворянская служба была службой военной: офицеры бились, как рыба об лед, стараясь получить отпуск и провести в имении хотя бы полгода.;5
рыба;животные: рыбы;молчать;действие, состояние;звук, речь;молчать как рыба;;;Репетитор Саша тоже молчал как рыба? у него вообще такой характер. [Вера Белоусова. Второй выстрел (2000)];13
рыба;животные: рыбы;плавать;способность;движение: ненаправленное;плавать как рыба;;;С тех пор мной овладело неукротимое желание плавать как рыба в воде. [В. Кузьменко. Первая охота (юмористический рассказ) // «Спортсмен-подводник», 1965];77
рыба;животные: рыбы;разевать;действие;эмоции: проявление;разевать рот как рыба;;;Он таращил глаза и разевал рот, как рыба.;47
свеча;артефакты;гореть;проявление;природное явление, свет;гореть как свеча;;;Изредка, правда, передували сквознячки, но они и папиросной бумажки со стола не сдули. Зажжённая спичка спокойно горела, как свеча. Хозяин прибежал за мной, когда «Мираж» уже обогнул веху. [Б. С. Житков. «Мираж» (1935)];32
свеча;артефакты;таять;процесс, свойство;изменение состояния/признака: процесс, прекращение существования, природное явление;таять как свеча;;;И все видят ? о каком университете может идти речь, когда человек тает как свеча: не ест, не пьёт, не выходит из комнаты, никого не желает видеть, не читает, ничем не занимается, сидит целыми днями в своей комнате и вдобавок ко всему курит папиросу за папиросой?! [Анатолий Рыбаков. Тяжелый песок (1975-1977)];3
свинья;животные: звери;визжать;действие;звук;визжать как свинья;;;Всё время визжал, как подрезанная свинья, точнее, кабан. [Токарева Виктория. Своя правда // «Новый Мир», 2002] ;20
свинья;животные: звери;завизжать;действие;звук: начало;завизжать как свинья;;;Максим тогда завизжал, как свинья, которую режут: «Я тебе пойду! [Эдуард Володарский. Дневник самоубийцы (1997)];15
свинья;животные: звери;нажраться;действие;актуальное/потенциальное занятие: результат;нажраться как свинья;;;«Я нажралсякак свинья… ? Пумба, ты и есть свинья. [коллективный. Обсуждение мультипликационного фильма «Король Лев» (2011)];8
свинья;животные: звери;напиться;действие;актуальное/потенциальное занятие: результат;напиться как свинья;;;? Напился, как свинья, вот и не помнишь ничего! [Ярослав Кудлак. Симбиоз // «Наука и жизнь», 2009];18
святыня;артефакты;храниться;;обладание;храниться как святыня;;письмо, домик, знамя;Его письмо у меня хранится как святыня. [П.П. Вяземский. Письма и записки Оммер де Гелль (1845)];6
сельдь;животные: рыбы;набиться;действие;изменение состояния/признака: достижение результата;набиться как сельди в бочку;1;;Вот набились, как сельдив бочку, в задние ряды приятели по Академии. [Борис Евсеев. Евстигней // «Октябрь», 2010];5
сердце;части тела;пульсировть;свойство;физиология;пульсировть как сердце;;;Волны мягко раздавались под напором парохода, где рылся, пульсируя, как сердцеработающего человека, невидимый винт. [Н. С. Гумилев. Африканский дневник (1913)];3
скала;природа: объекты;стоять;положение в пространстве;позиция;стоять как скала;;;Он понял, что может стоять, как скала, и его не сдвинут. [Юрий Трифонов. Обмен (1969)];17
смерть;абстрактные имена;побелеть;событие;эмоции: проявление;побелеть как смерть;;;Теперь он стоял спиной к докторше, бледный, с остекленевшими глазами, и, когда ему сделали укол, он внезапно побелел как смерть, хотя, казалось, дальше бледнеть некуда. [Фазиль Искандер. Тринадцатый подвиг Геракла (1966)];2
смерть;абстрактные имена;побледнеть;событие;физиология, эмоции: проявление;побледнеть как смерть;;;Он насупился еще больше и вдруг побледнел как смерть.;34
снег;природа: явления;нагрянуть;событие, действие;движение;нагрянуть как снег на голову;1;;По их словам, не бывало ещё на свете такого мастера своего дела: «Вязанки хворосту не даст утащить, в какую бы ни было пору, хоть в самую полночь, нагрянет, как снег на голову, и ты не думай сопротивляться, ? силен, дескать, и ловок как бес… [И. С. Тургенев. Бирюк (1848)];6
снег;природа: явления;свалиться;событие;движение: падение;свалиться как снег на голову;1;;Её бывший муж, только что овдовевший, свалился как снег на голову, и придётся с ним повозиться, потому что в таком состоянии она не может его оставить одного… [Людмила Улицкая. Казус Кукоцкого [Путешествие в седьмую сторону света] // «Новый Мир», 2000];22
сновидение;абстрактные имена;исчезнуть;событие;прекращение существования;исчезнуть как сновидение;;величие;Вы исчезли, ? исчезли, как сновидение, как исчезает теперь последний луч сего светила, ? времена, когда я была девицею, жила в доме родительском, не знав никаких горестей, когда дни мои посвящались наукам, некоторые часы ? невинным удовольствиям. [Неизвестный. Истинное приключение благородной россиянки (1803)];3
собака;животные: звери;выть;действие;звук;выть как собака;;;На полочке стоят все серии на ДВД, кроме «ХХ век начинается», которую давно пора купить, однажды кто-то из нас вдруг чувствует, что какую-то серию давно не пересматривали, и либо прямо говорит другому давай сегодня посмотрим, либо начинает напевать: «Па-ра-па-пам, па-ра-па-пам, па-ра-па-па-ра-ра-ра-ра-па-пам», ? или выть, как собакаБаскервилей. [Наталья Самутина, Борис Степанов. А вас, Штирлиц, я снова попрошу остаться… К проблеме современной рецепции советского кино // «Неприкосновенный запас», 2009];8
собака;животные: звери;кусаться;поведение;актуальное/потенциальное занятие;кусаться как собака;;;"Разве на рынке, по бешеным ценам. Цены кусались, как собаки. Всё это называлось звучным словом ""разруха"". [И. Грекова. Фазан (1984)]";3
собака;животные: звери;лаять;действие;звук;лаять как собака;;животные, желудок;Квакша-кузнец из Аргентины кричит, словно молотком по медному подносу бьёт. Листовая лягушка из Южной Америки лает, как собака, а голос австралийской белой квакши звучит так, словно целая свора собак где-то далеко гонит добычу. [Лягушки // «Мурзилка», 1999];8
собака;животные: звери;подохнуть;событие;прекращение существования;подохнуть как собака;;;? нет денег – подохнешь, как собака, и никакие врачи тебя слушать не станут… на мой взгляд, ВОЗМОЖНО, что у этой женщины не было либо денег, либо знакомых врачей, и она решила обратиться за помощью в интернет… [коллективный. Хватит губить детей! (2011)];2
собака;животные: звери;устать;событие;изменение состояния/признака: начало нового состояния/признака, физиология;устать как собака;;;И они падали один за другим, и обозначали всё уменьшающиеся границы тела, и лупили, как молнии, в уже обугленное, но ещё содрогающееся дерево тела… [Людмила Улицкая. Казус Кукоцкого [Путешествие в седьмую сторону света] // «Новый Мир», 2000];45
солнце;природа: объекты;сиять;проявление;свет;сиять как солнце;;;Солнце играло на небе, и золотые кудри молодого короля сияли, как солнце. [Л. А. Чарская. Дуль-Дуль, король без сердца (1912)];22
соловей;животные: птицы;заливаться;действие;звук;заливаться как соловей;;;нотку одну лишь нащупает верную? и заливается как соловей. Руки мои на коленях покоятся, [Сати Спивакова. Не всё (2002)];3
соловей;животные: птицы;петь;действие;звук, речь;петь как соловей;;;» ? мелькнуло у него в голове, но вслух он этого не произнес, потому что Димка пел как соловей, и Тетерин не решился прервать эту песню. [Андрей Геласимов. Дом на Озерной (2009)];12
сорняки;природа: растения;расти;процесс;изменение состояния/признака: процесс, природное явление;расти как сорняки;;растение;Прародителями томата считаются мелкие вишневидные «дикари», которые и сейчас в странах Латинской Америки растут как сорняки на заброшенных землях и по обочинам дорог. [Мария Ушакова. «Вишенки» в саду и на балконе // «Наука и жизнь», 2009];2
сорока;животные: птицы;заладить;действие, поведение;звук: начало, речь;заладить как сорока;;;? Да что это ты, хозяин, больно развоевался? ? сказал мой новый знакомый недовольно. ? Заладил как сорока: война, война, война… Без тебя это каждый день слышим и читаем. [Ю. О. Домбровский. Хранитель древностей, часть 2 (1964)];2
спичка;артефакты;вспыхивать;событие;природное явление, свет: начало;вспыхивать как спичка;;;Вот так, бывало, редко улыбался, но улыбнётся ? и радость вспыхнет, как спичкав темноте. [Фазиль Искандер. Лошадь дяди Кязыма (1966)];3
спичка;артефакты;вспыхнуть;событие;природное явление, свет: начало;вспыхнуть как спичка;;;Хотя, впрочем, дом у нас каменный и вряд ли он может вспыхнуть, как спичка. [М. М. Зощенко. Перед восходом солнца (1943)];7
статуя;сооружения;стоять;положение в пространстве;позиция;стоять как статуя;;животное;"А в ""Комсомольце"" гурт навовсе поморозили. Стояли как статуи. Поезжай погляди. [Борис Екимов. Пиночет (1999)]";17
стена;сооружения;стоять;положение в пространстве;позиция;стоять как стена;;;Он только стоял, как стена, с очками в руках, терпя оскорбления. [Людмила Петрушевская. Маленькая волшебница // «Октябрь», 1996];15
столб;сооружения;стоять;положение в пространстве;позиция;стоять как столб;;;Он стоял за воротцами база, всё видел и всё слышал. ? Стоит как столб! ? возмутилась жена. ? Молчит! [Борис Екимов. Пиночет (1999)];34
стрела;артефакты;лететь;занятие, действие;движение: направленное;лететь как стрела;;;Вор так и сделал. Ак-Бозат полетела, как стрела. Скоро пропала совсем из виду. [Д. Н. Мамин-Сибиряк. Ак-Бозат (1895)];16
струна;артефакты;натягиваться;свойство;изменение состояния/признака: процесс;натягиваться как струна;;тело, взгляд, воздух, концы веревок;Совсем неожиданно для себя он подался вперёд и поцеловал девчушку ? во влажный висок её, потом ниже, где-то за ухом, потом ещё ниже, стал целовать плечо её, осторожно, еле касаясь, и с каждым касанием его губ девушка вздрагивала, выпрямлялась и натягивалась, как струна, дрожа и вибрируя, тянулась на цыпочках ввысь… [Анатолий Азольский. Лопушок // «Новый Мир», 1998];8
студень;артефакты;трястись;состояние;физиология;трястись как студень;;;Торфяная туча навалилась на болота пухлым ржаным животом. Она ревела и тряслась, как студень. От ударов грома осыпалась голубика. [Юрий Коваль. У Кривой сосны (1979)];7
сумасшедший;ментальные свойства человека: отсутствие ума, человек: оценка;бежать;действие;движение: направленное;бежать как сумасшедший;;;Люди бежали, как сумасшедшие, налетали друг на друга, спотыкались, падали, вскакивали и снова бежали наперегонки. [Вальтер Запашный. Риск. Борьба. Любовь (1998-2004)];7
сумасшедший;ментальные свойства человека: отсутствие ума, человек: оценка;захохотать;действие;звук: начало, эмоции: проявление;захохотать как сумасшедший;;;Глаза их встретились, они захохотали как сумасшедшие: боже ж ты мой, как все просто в этом мире, вот тебе и звероподобные сержанты на проходной, какая, к черту, тайна,когда вся Москва знает, где кого натаскивают! [Анатолий Азольский. Глаша // «Новый Мир», 2003];7
сумасшедший;ментальные свойства человека: отсутствие ума, человек: оценка;нестись;действие;движение: направленное;нестись как сумасшедший;;;А вагон мотает, трясет, поезд несется, как сумасшедший, ночь черная, паровоз вдруг как закричит нечеловеческим голосом, несемся неизвестно куда. [Светлана Василенко. Ген смерти (1997-2000)];6
сумасшедший;ментальные свойства человека: отсутствие ума, человек: оценка;работать;деятельность;актуальное/потенциальное занятие;работать как сумасшедший;;;А там они все работают, как сумасшедшие. [Владимир Голяховский. Русский доктор в Америке (1984-2001)];10
сумасшедший;ментальные свойства человека: отсутствие ума, человек: оценка;смеяться;действие;эмоции: проявление, звук;смеяться как сумасшедший;;;Прижавшись к стене, она смеялась, смеялась, смеялась, как сумасшедшая, как… как Пумперпикель. [А. Хованская. Авантюристка (1928)];45
сумасшедший;ментальные свойства человека: отсутствие ума, человек: оценка;хохотать;действие;эмоции: проявление, звук;хохотать как сумасшедший;;;Я поместился в некотором расстоянии на другой лавке, остановил двух знакомых Д… офицеров и начал им что-то рассказывать, видно, было смешно, потому что они началихохотать как сумасшедшие. [М. Ю. Лермонтов. Герой нашего времени (1839-1841)];16
сурок;животные: звери;спать;состояние;физиология;спать как сурок;;;Смотри, утро уже, а я же сплю как сурок ? не проснусь вовремя. [Анна Берсенева. Полет над разлукой (2003-2005)];26
сыр;артефакты;жить;деятельность;актуальное/потенциальное занятие;жить как сыр в масле;1;;? Там теперь, в «Рухе», многие: и Санька Хлебников, и Жданов, и Лютый, и Михайличенко. Живут как сырв масле. Специальный спортивный паек, вареники с вишней в столовой, свиные эскалопы. [Сергей Самсонов. Одиннадцать (2010)];2
сыр;артефакты;кататься;действие;движение: ненаправленное;кататься как сыр в масле;1;;И так велика их ненависть к победителям, настолько неодолимо желание вернуться к старым временам, когда они катались как сыр в масле, что они, опьяненные своейподлостью, начинают действовать уже почти неприкрыто. [Бахыт Кенжеев. Из Книги счастья (2007) // «Новый Мир», 2008];39
сыч;животные: птицы;сидеть;положение в пространстве;позиция;сидеть как сыч;;;"Но приходилось сидеть ""как сыч"", в своём олеандровом Йере. [Вадим Крейд. Георгий Иванов в Йере // «Звезда», 2003]";19
танк;артефакты;переть;действие;движение: направленное;переть как танк;;;Она четко знает свою цель и прет как танк. [коллективный. Москва слезам не верит (2011)];12
тень;природа: явления;бродить;действие;движение: ненаправленное;бродить как тени;;;Люди бродят как тени, садятся на яркие пластиковые кресла Иошиоки и Старка, молча следят за картинами, проецирующимися на белое полотно снега, молча сжимают снег в горсти. [Юлия Пешкова. Ярмарка тщеславия (2002) // «Домовой», 2002.06.04];23
тень;природа: явления;исчезать;процесс;прекращение существования;исчезать как тень;;;И сказав это, исчезла, как тень, растаяв в воздухе, Мааб. [Л. А. Чарская. Живая перчатка (1912)];6
трава;природа: растения;расти;процесс;изменение состояния/признака: процесс, природное явление;расти как трава;;;Другое дело? Валюн. Этот не рос как трава. Не хватало ему настоящей, твёрдой руки. [И. Грекова. Перелом (1987)];11
труп;физические свойства/состояния: мертвый;лежать;положение в пространстве;позиция;лежать как труп;;;Она лежалакактруп, но она не умерла. [М. А. Булгаков. Полотенце с петухом (1926)];12
Тузик;животные: звери;порвать;воздействие;воздействие;порвать как Тузик грелку;1;;Ах, сюси-пуси, порву, как Тузик грелку, ваши тапки, раз вы так со мной! [Татьяна Соломатина. Большая собака, или «Эклектичная живописная вавилонская повесть о зарытом» (2009)];2
туча;природа: явления;надвигаться;процесс;движение: направленное;надвигаться как туча;;;А главное ? их оставалось мало, шесть рублей. Мысль о водке надвигалась как туча… Идти через турбазу я не хотел. [Сергей Довлатов. Заповедник (1983)];2
убитый;физические свойства/состояния: мертвый;заснуть;событие;изменение состояния/признака: начало нового состояния/признака, физиология;заснуть как убитый;;;Зато под утро я заснул как убитый и пробудился в половине двенадцатого. [Вера Белоусова. Второй выстрел (2000)];68
убитый;физические свойства/состояния: мертвый;молчать;действие, состояние;звук, речь;молчать как убитый;;;? Знамя-то знаменем, а когда ваши друзья американцы вздергивают негров на сук без всякого суда и следствия, вы молчите как убитые. [Ю. О. Домбровский. Обезьяна приходит за своим черепом, часть 1 (1943-1958)];27
убитый;физические свойства/состояния: мертвый;спать;состояние;физиология;спать как убитый;;;Не мудрено, что, являясь домой, я валилась спать как убитая. [Дина Рубина. На солнечной стороне улицы (1980-2006)];111
убитый;физические свойства/состояния: мертвый;уснуть;событие;изменение состояния/признака: начало нового состояния/признака, физиология;уснуть как убитый;;;Дашка устроила ему полог от комаров, и он уснул как убитый.;20
угорелый;физические свойства/состояния: результат воздействия;метаться;действие;движение: ненаправленное;метаться как угорелый;;стрелка;Когда работаешь с прибором, начинает барахлить компас, стрелка мечется, как угорелая.;58
угорелый;физические свойства/состояния: результат воздействия;носиться;действие;движение: ненаправленное;носиться как угорелый;;;? Бяшка несчастная! Носится как угорелый! Чуть гимнастерку не запачкал! [Анатолий Рыбаков. Кортик (1946-1948)];27
ужаленный;физические свойства/состояния: результат воздействия;вскакивать;действие;движение;вскакивать как ужаленный;;;Когда мы с вами на Урале уже будем? Игорь вскакивает как ужаленный. ? Кто будет на Урале? [Виктор Некрасов. В окопах Сталинграда (1946)];9
ужаленный;физические свойства/состояния: результат воздействия;подскочить;действие;движение;подскочить как ужаленный;;;? Нет, ? ответила Варвара, а Игнат подскочил как ужаленный и метнулся к выходу. [Татьяна Устинова. Подруга особого назначения (2003)];6
улей;сооружения;загудеть;проявление;звук: начало;загудеть как улей;;;? Он так толкнул ногой ближнюю макитру, что она загудела, как улей. [Ю. О. Домбровский. Хранитель древностей, часть 2 (1964)];2
улей ;сооружения;гудеть;проявление;звук;гудеть как улей;;аэродром, страна, зал, завод, комитет, площадь, институт, лестница, дворец, толпа;"На аэродроме, гудящем, как улей, я, плача, спросила его: ""А вы? [Ирина Муравьева. Мещанин во дворянстве (1994)]";17
умалишённый;ментальные свойства человека: отсутствие ума, человек: оценка;орать;действие;звук, эмоции: проявление, речь;орать как умалишённый;;;А под ярким солнцем из ярких автобусов выбегали бледные дети и орали, как умалишённые. [Татьяна Соломатина. Акушер-ХА! Байки (2009)];2
фанера;материалы и вещества;пролететь;действие;движение;пролететь как фанера над Парижем;1;;Если вдруг внук пролетит «как фанера над Парижем», обязательно стуканет ? ради справедливости…;3
часовой;человек;стоять;положение в пространстве;позиция;стоять как часовой;;;И она стоит, как часовой, на самом краешке стола, вытянув свою длинную шею. [Булат Окуджава. Новенький как с иголочки (1962)];10
часы;артефакты;работать;деятельность;актуальное/потенциальное занятие;работать как часы;;органы, компания, дорога, почки, желудки, милиция;В трудные минуты жизни кажется, что на сердце давит камень, а когда на сердце легко, все органы и системы организма работают, как часы. [Плачьте на здоровье // «Знание -- сила», 2003];34
человек;человек;выглядеть;свойство;;выглядеть как человек;;;Если бы будильник мог выглядеть как человек, он так бы и выглядел. [Анна Карабаш. Человек-утро (2002) // «Домовой», 2002.10.04];13
человек;человек;жить;деятельность;актуальное/потенциальное занятие;жить как человек;;;"Была целиком на стороне Клавдии, его осуждала: ""Когда же ты опомнишься, начнёшь жить, как человек? [И. Грекова. Фазан (1984)]";77
человек;человек;пожить;деятельность;;пожить как человек;;;Партийный выговор схватил. Зато пожил, как человек. По-нашему! [Сергей Довлатов. Иная жизнь (1984)];5
черепаха;животные: рептилии;идти;действие;движение: направленное;идти как черепаха;;;Я Владику дала зонт, сама иду под дождиком, а он довольный идёт как черепаха, ноги кое-как передвигает. [Письмо девушки из Перми сестре в Москву (2001)];3
черепаха;животные: рептилии;ползти;действие;движение: направленное;ползти как черепаха;;тс;Ветер свищет и оттуда и туда. Пароход ползет как черепаха. Ночь. [Е. А. Есенина. В Константинове (1957-1965)] ;11
черт;существа;выскакивать;действие;движение: ненаправленное;выскакивать как черт из табакерки;1;здание, фраза;? Куда ни кинешь глаз, новые здания выскакивают как черт из табакерки. [Юлия Вишневецкая, Зоя Харитонова. Над пропастью в Москве // «Русский репортер», № 45 (173), 18 ноября 2010, 2010];3
черт;существа;работать;деятельность;актуальное/потенциальное занятие;работать как чёрт;;;Работал, как чёрт, ? рьяно, сжав кулаки, закусив губу, шалея от бешенства и нелепости своего положения. [Ю. О. Домбровский. Хранитель древностей, часть 2 (1964)];9
